USE [BNI-Merchant]
GO
SET IDENTITY_INSERT [dbo].[Menu_Role] ON 

INSERT [dbo].[Menu_Role] ([id], [id_menu], [id_role]) VALUES (1, 1, 1)
INSERT [dbo].[Menu_Role] ([id], [id_menu], [id_role]) VALUES (2, 28, 1)
INSERT [dbo].[Menu_Role] ([id], [id_menu], [id_role]) VALUES (3, 27, 1)
INSERT [dbo].[Menu_Role] ([id], [id_menu], [id_role]) VALUES (4, 25, 1)
INSERT [dbo].[Menu_Role] ([id], [id_menu], [id_role]) VALUES (5, 24, 1)
INSERT [dbo].[Menu_Role] ([id], [id_menu], [id_role]) VALUES (6, 23, 1)
INSERT [dbo].[Menu_Role] ([id], [id_menu], [id_role]) VALUES (7, 22, 1)
INSERT [dbo].[Menu_Role] ([id], [id_menu], [id_role]) VALUES (8, 21, 1)
INSERT [dbo].[Menu_Role] ([id], [id_menu], [id_role]) VALUES (9, 20, 1)
INSERT [dbo].[Menu_Role] ([id], [id_menu], [id_role]) VALUES (10, 14, 1)
INSERT [dbo].[Menu_Role] ([id], [id_menu], [id_role]) VALUES (11, 13, 1)
INSERT [dbo].[Menu_Role] ([id], [id_menu], [id_role]) VALUES (12, 12, 1)
INSERT [dbo].[Menu_Role] ([id], [id_menu], [id_role]) VALUES (13, 29, 1)
INSERT [dbo].[Menu_Role] ([id], [id_menu], [id_role]) VALUES (14, 10, 1)
INSERT [dbo].[Menu_Role] ([id], [id_menu], [id_role]) VALUES (15, 9, 1)
INSERT [dbo].[Menu_Role] ([id], [id_menu], [id_role]) VALUES (16, 8, 1)
INSERT [dbo].[Menu_Role] ([id], [id_menu], [id_role]) VALUES (17, 7, 1)
INSERT [dbo].[Menu_Role] ([id], [id_menu], [id_role]) VALUES (18, 6, 1)
INSERT [dbo].[Menu_Role] ([id], [id_menu], [id_role]) VALUES (19, 26, 1)
INSERT [dbo].[Menu_Role] ([id], [id_menu], [id_role]) VALUES (20, 5, 1)
INSERT [dbo].[Menu_Role] ([id], [id_menu], [id_role]) VALUES (21, 4, 1)
INSERT [dbo].[Menu_Role] ([id], [id_menu], [id_role]) VALUES (22, 3, 1)
INSERT [dbo].[Menu_Role] ([id], [id_menu], [id_role]) VALUES (23, 2, 1)
INSERT [dbo].[Menu_Role] ([id], [id_menu], [id_role]) VALUES (24, 11, 1)
INSERT [dbo].[Menu_Role] ([id], [id_menu], [id_role]) VALUES (25, 1, 2)
INSERT [dbo].[Menu_Role] ([id], [id_menu], [id_role]) VALUES (26, 1, 3)
INSERT [dbo].[Menu_Role] ([id], [id_menu], [id_role]) VALUES (27, 1, 4)
INSERT [dbo].[Menu_Role] ([id], [id_menu], [id_role]) VALUES (28, 1, 6)
INSERT [dbo].[Menu_Role] ([id], [id_menu], [id_role]) VALUES (29, 1, 5)
INSERT [dbo].[Menu_Role] ([id], [id_menu], [id_role]) VALUES (30, 1, 8)
INSERT [dbo].[Menu_Role] ([id], [id_menu], [id_role]) VALUES (31, 1, 10)
INSERT [dbo].[Menu_Role] ([id], [id_menu], [id_role]) VALUES (32, 1, 9)
INSERT [dbo].[Menu_Role] ([id], [id_menu], [id_role]) VALUES (33, 1, 7)
SET IDENTITY_INSERT [dbo].[Menu_Role] OFF
GO
SET IDENTITY_INSERT [dbo].[Role] ON 

INSERT [dbo].[Role] ([id_role], [name], [type], [description], [created_by], [updated_by], [created_at], [updated_at], [isDeleted]) VALUES (1, N'MANAGEMENT USER', N'PUSAT', N'-', 2, 2, CAST(N'2021-06-15T00:00:04.023' AS DateTime), CAST(N'2021-06-15T00:00:04.023' AS DateTime), 0)
INSERT [dbo].[Role] ([id_role], [name], [type], [description], [created_by], [updated_by], [created_at], [updated_at], [isDeleted]) VALUES (2, N'INQUIRY', N'PUSAT', N'-', 2, 2, CAST(N'2021-06-15T00:00:26.903' AS DateTime), CAST(N'2021-06-15T00:00:26.903' AS DateTime), 0)
INSERT [dbo].[Role] ([id_role], [name], [type], [description], [created_by], [updated_by], [created_at], [updated_at], [isDeleted]) VALUES (3, N'DGO CARDLINK', N'PUSAT', N'-', 2, 2, CAST(N'2021-06-15T00:02:58.780' AS DateTime), CAST(N'2021-06-15T00:02:58.780' AS DateTime), 0)
INSERT [dbo].[Role] ([id_role], [name], [type], [description], [created_by], [updated_by], [created_at], [updated_at], [isDeleted]) VALUES (4, N'DGO PROFILING', N'PUSAT', N'-', 2, 2, CAST(N'2021-06-15T00:03:22.363' AS DateTime), CAST(N'2021-06-15T00:03:22.363' AS DateTime), 0)
INSERT [dbo].[Role] ([id_role], [name], [type], [description], [created_by], [updated_by], [created_at], [updated_at], [isDeleted]) VALUES (5, N'DGO MONITORING', N'PUSAT', N'-', 2, 2, CAST(N'2021-06-15T00:03:43.423' AS DateTime), CAST(N'2021-06-15T00:03:43.423' AS DateTime), 0)
INSERT [dbo].[Role] ([id_role], [name], [type], [description], [created_by], [updated_by], [created_at], [updated_at], [isDeleted]) VALUES (6, N'DGO INVENTORI', N'PUSAT', N'-', 2, 2, CAST(N'2021-06-15T00:04:14.807' AS DateTime), CAST(N'2021-06-15T00:04:14.807' AS DateTime), 0)
INSERT [dbo].[Role] ([id_role], [name], [type], [description], [created_by], [updated_by], [created_at], [updated_at], [isDeleted]) VALUES (7, N'UNIT REQUEST (WILAYAH & EBK)', N'WILAYAH', N'-', 2, 2, CAST(N'2021-06-15T00:04:48.660' AS DateTime), CAST(N'2021-06-15T00:04:48.660' AS DateTime), 0)
INSERT [dbo].[Role] ([id_role], [name], [type], [description], [created_by], [updated_by], [created_at], [updated_at], [isDeleted]) VALUES (8, N'VENDOR PUSAT', N'VENDOR', N'-', 2, 2, CAST(N'2021-06-15T00:05:13.167' AS DateTime), CAST(N'2021-06-15T00:05:13.167' AS DateTime), 0)
INSERT [dbo].[Role] ([id_role], [name], [type], [description], [created_by], [updated_by], [created_at], [updated_at], [isDeleted]) VALUES (9, N'VENDOR WILAYAH', N'VENDOR', N'-', 2, 2, CAST(N'2021-06-15T00:05:25.727' AS DateTime), CAST(N'2021-06-15T00:05:25.727' AS DateTime), 0)
INSERT [dbo].[Role] ([id_role], [name], [type], [description], [created_by], [updated_by], [created_at], [updated_at], [isDeleted]) VALUES (10, N'VENDOR TEKNISI', N'VENDOR', N'-', 2, 2, CAST(N'2021-06-15T00:06:02.293' AS DateTime), CAST(N'2021-06-15T00:06:02.293' AS DateTime), 0)
SET IDENTITY_INSERT [dbo].[Role] OFF
GO
SET IDENTITY_INSERT [dbo].[Role_Action] ON 

INSERT [dbo].[Role_Action] ([id_role_action], [id_role], [id_menu_action]) VALUES (1, 1, 70)
INSERT [dbo].[Role_Action] ([id_role_action], [id_role], [id_menu_action]) VALUES (2, 1, 71)
INSERT [dbo].[Role_Action] ([id_role_action], [id_role], [id_menu_action]) VALUES (3, 1, 72)
INSERT [dbo].[Role_Action] ([id_role_action], [id_role], [id_menu_action]) VALUES (4, 1, 73)
INSERT [dbo].[Role_Action] ([id_role_action], [id_role], [id_menu_action]) VALUES (5, 1, 78)
INSERT [dbo].[Role_Action] ([id_role_action], [id_role], [id_menu_action]) VALUES (6, 1, 75)
INSERT [dbo].[Role_Action] ([id_role_action], [id_role], [id_menu_action]) VALUES (7, 1, 76)
INSERT [dbo].[Role_Action] ([id_role_action], [id_role], [id_menu_action]) VALUES (8, 1, 77)
INSERT [dbo].[Role_Action] ([id_role_action], [id_role], [id_menu_action]) VALUES (9, 1, 69)
INSERT [dbo].[Role_Action] ([id_role_action], [id_role], [id_menu_action]) VALUES (10, 1, 74)
INSERT [dbo].[Role_Action] ([id_role_action], [id_role], [id_menu_action]) VALUES (11, 1, 68)
INSERT [dbo].[Role_Action] ([id_role_action], [id_role], [id_menu_action]) VALUES (12, 1, 63)
INSERT [dbo].[Role_Action] ([id_role_action], [id_role], [id_menu_action]) VALUES (13, 1, 66)
INSERT [dbo].[Role_Action] ([id_role_action], [id_role], [id_menu_action]) VALUES (14, 1, 65)
INSERT [dbo].[Role_Action] ([id_role_action], [id_role], [id_menu_action]) VALUES (15, 1, 64)
INSERT [dbo].[Role_Action] ([id_role_action], [id_role], [id_menu_action]) VALUES (16, 1, 62)
INSERT [dbo].[Role_Action] ([id_role_action], [id_role], [id_menu_action]) VALUES (17, 1, 57)
INSERT [dbo].[Role_Action] ([id_role_action], [id_role], [id_menu_action]) VALUES (18, 1, 56)
INSERT [dbo].[Role_Action] ([id_role_action], [id_role], [id_menu_action]) VALUES (19, 1, 55)
INSERT [dbo].[Role_Action] ([id_role_action], [id_role], [id_menu_action]) VALUES (20, 1, 54)
INSERT [dbo].[Role_Action] ([id_role_action], [id_role], [id_menu_action]) VALUES (21, 1, 53)
INSERT [dbo].[Role_Action] ([id_role_action], [id_role], [id_menu_action]) VALUES (22, 1, 79)
INSERT [dbo].[Role_Action] ([id_role_action], [id_role], [id_menu_action]) VALUES (23, 1, 67)
INSERT [dbo].[Role_Action] ([id_role_action], [id_role], [id_menu_action]) VALUES (24, 1, 58)
INSERT [dbo].[Role_Action] ([id_role_action], [id_role], [id_menu_action]) VALUES (25, 1, 94)
INSERT [dbo].[Role_Action] ([id_role_action], [id_role], [id_menu_action]) VALUES (26, 1, 60)
INSERT [dbo].[Role_Action] ([id_role_action], [id_role], [id_menu_action]) VALUES (27, 1, 89)
INSERT [dbo].[Role_Action] ([id_role_action], [id_role], [id_menu_action]) VALUES (28, 1, 88)
INSERT [dbo].[Role_Action] ([id_role_action], [id_role], [id_menu_action]) VALUES (29, 1, 87)
INSERT [dbo].[Role_Action] ([id_role_action], [id_role], [id_menu_action]) VALUES (30, 1, 86)
INSERT [dbo].[Role_Action] ([id_role_action], [id_role], [id_menu_action]) VALUES (31, 1, 102)
INSERT [dbo].[Role_Action] ([id_role_action], [id_role], [id_menu_action]) VALUES (32, 1, 101)
INSERT [dbo].[Role_Action] ([id_role_action], [id_role], [id_menu_action]) VALUES (33, 1, 100)
INSERT [dbo].[Role_Action] ([id_role_action], [id_role], [id_menu_action]) VALUES (34, 1, 99)
INSERT [dbo].[Role_Action] ([id_role_action], [id_role], [id_menu_action]) VALUES (35, 1, 98)
INSERT [dbo].[Role_Action] ([id_role_action], [id_role], [id_menu_action]) VALUES (36, 1, 97)
INSERT [dbo].[Role_Action] ([id_role_action], [id_role], [id_menu_action]) VALUES (37, 1, 59)
INSERT [dbo].[Role_Action] ([id_role_action], [id_role], [id_menu_action]) VALUES (38, 1, 96)
INSERT [dbo].[Role_Action] ([id_role_action], [id_role], [id_menu_action]) VALUES (39, 1, 52)
INSERT [dbo].[Role_Action] ([id_role_action], [id_role], [id_menu_action]) VALUES (40, 1, 93)
INSERT [dbo].[Role_Action] ([id_role_action], [id_role], [id_menu_action]) VALUES (41, 1, 92)
INSERT [dbo].[Role_Action] ([id_role_action], [id_role], [id_menu_action]) VALUES (42, 1, 82)
INSERT [dbo].[Role_Action] ([id_role_action], [id_role], [id_menu_action]) VALUES (43, 1, 81)
INSERT [dbo].[Role_Action] ([id_role_action], [id_role], [id_menu_action]) VALUES (44, 1, 80)
INSERT [dbo].[Role_Action] ([id_role_action], [id_role], [id_menu_action]) VALUES (45, 1, 85)
INSERT [dbo].[Role_Action] ([id_role_action], [id_role], [id_menu_action]) VALUES (46, 1, 84)
INSERT [dbo].[Role_Action] ([id_role_action], [id_role], [id_menu_action]) VALUES (47, 1, 83)
INSERT [dbo].[Role_Action] ([id_role_action], [id_role], [id_menu_action]) VALUES (48, 1, 61)
INSERT [dbo].[Role_Action] ([id_role_action], [id_role], [id_menu_action]) VALUES (49, 1, 95)
INSERT [dbo].[Role_Action] ([id_role_action], [id_role], [id_menu_action]) VALUES (50, 1, 51)
INSERT [dbo].[Role_Action] ([id_role_action], [id_role], [id_menu_action]) VALUES (51, 1, 39)
INSERT [dbo].[Role_Action] ([id_role_action], [id_role], [id_menu_action]) VALUES (52, 1, 49)
INSERT [dbo].[Role_Action] ([id_role_action], [id_role], [id_menu_action]) VALUES (53, 1, 22)
INSERT [dbo].[Role_Action] ([id_role_action], [id_role], [id_menu_action]) VALUES (54, 1, 21)
INSERT [dbo].[Role_Action] ([id_role_action], [id_role], [id_menu_action]) VALUES (55, 1, 20)
INSERT [dbo].[Role_Action] ([id_role_action], [id_role], [id_menu_action]) VALUES (56, 1, 19)
INSERT [dbo].[Role_Action] ([id_role_action], [id_role], [id_menu_action]) VALUES (57, 1, 18)
INSERT [dbo].[Role_Action] ([id_role_action], [id_role], [id_menu_action]) VALUES (58, 1, 17)
INSERT [dbo].[Role_Action] ([id_role_action], [id_role], [id_menu_action]) VALUES (59, 1, 16)
INSERT [dbo].[Role_Action] ([id_role_action], [id_role], [id_menu_action]) VALUES (60, 1, 15)
INSERT [dbo].[Role_Action] ([id_role_action], [id_role], [id_menu_action]) VALUES (61, 1, 14)
INSERT [dbo].[Role_Action] ([id_role_action], [id_role], [id_menu_action]) VALUES (62, 1, 13)
INSERT [dbo].[Role_Action] ([id_role_action], [id_role], [id_menu_action]) VALUES (63, 1, 23)
INSERT [dbo].[Role_Action] ([id_role_action], [id_role], [id_menu_action]) VALUES (64, 1, 12)
INSERT [dbo].[Role_Action] ([id_role_action], [id_role], [id_menu_action]) VALUES (65, 1, 10)
INSERT [dbo].[Role_Action] ([id_role_action], [id_role], [id_menu_action]) VALUES (66, 1, 9)
INSERT [dbo].[Role_Action] ([id_role_action], [id_role], [id_menu_action]) VALUES (67, 1, 8)
INSERT [dbo].[Role_Action] ([id_role_action], [id_role], [id_menu_action]) VALUES (68, 1, 7)
INSERT [dbo].[Role_Action] ([id_role_action], [id_role], [id_menu_action]) VALUES (69, 1, 6)
INSERT [dbo].[Role_Action] ([id_role_action], [id_role], [id_menu_action]) VALUES (70, 1, 5)
INSERT [dbo].[Role_Action] ([id_role_action], [id_role], [id_menu_action]) VALUES (71, 1, 4)
INSERT [dbo].[Role_Action] ([id_role_action], [id_role], [id_menu_action]) VALUES (72, 1, 3)
INSERT [dbo].[Role_Action] ([id_role_action], [id_role], [id_menu_action]) VALUES (73, 1, 2)
INSERT [dbo].[Role_Action] ([id_role_action], [id_role], [id_menu_action]) VALUES (74, 1, 1)
INSERT [dbo].[Role_Action] ([id_role_action], [id_role], [id_menu_action]) VALUES (75, 1, 11)
INSERT [dbo].[Role_Action] ([id_role_action], [id_role], [id_menu_action]) VALUES (76, 1, 50)
INSERT [dbo].[Role_Action] ([id_role_action], [id_role], [id_menu_action]) VALUES (77, 1, 24)
INSERT [dbo].[Role_Action] ([id_role_action], [id_role], [id_menu_action]) VALUES (78, 1, 26)
INSERT [dbo].[Role_Action] ([id_role_action], [id_role], [id_menu_action]) VALUES (79, 1, 48)
INSERT [dbo].[Role_Action] ([id_role_action], [id_role], [id_menu_action]) VALUES (80, 1, 47)
INSERT [dbo].[Role_Action] ([id_role_action], [id_role], [id_menu_action]) VALUES (81, 1, 46)
INSERT [dbo].[Role_Action] ([id_role_action], [id_role], [id_menu_action]) VALUES (82, 1, 45)
INSERT [dbo].[Role_Action] ([id_role_action], [id_role], [id_menu_action]) VALUES (83, 1, 44)
INSERT [dbo].[Role_Action] ([id_role_action], [id_role], [id_menu_action]) VALUES (84, 1, 43)
INSERT [dbo].[Role_Action] ([id_role_action], [id_role], [id_menu_action]) VALUES (85, 1, 42)
INSERT [dbo].[Role_Action] ([id_role_action], [id_role], [id_menu_action]) VALUES (86, 1, 41)
INSERT [dbo].[Role_Action] ([id_role_action], [id_role], [id_menu_action]) VALUES (87, 1, 40)
INSERT [dbo].[Role_Action] ([id_role_action], [id_role], [id_menu_action]) VALUES (88, 1, 90)
INSERT [dbo].[Role_Action] ([id_role_action], [id_role], [id_menu_action]) VALUES (89, 1, 25)
INSERT [dbo].[Role_Action] ([id_role_action], [id_role], [id_menu_action]) VALUES (90, 1, 38)
INSERT [dbo].[Role_Action] ([id_role_action], [id_role], [id_menu_action]) VALUES (91, 1, 36)
INSERT [dbo].[Role_Action] ([id_role_action], [id_role], [id_menu_action]) VALUES (92, 1, 35)
INSERT [dbo].[Role_Action] ([id_role_action], [id_role], [id_menu_action]) VALUES (93, 1, 34)
INSERT [dbo].[Role_Action] ([id_role_action], [id_role], [id_menu_action]) VALUES (94, 1, 33)
INSERT [dbo].[Role_Action] ([id_role_action], [id_role], [id_menu_action]) VALUES (95, 1, 32)
INSERT [dbo].[Role_Action] ([id_role_action], [id_role], [id_menu_action]) VALUES (96, 1, 31)
INSERT [dbo].[Role_Action] ([id_role_action], [id_role], [id_menu_action]) VALUES (97, 1, 30)
INSERT [dbo].[Role_Action] ([id_role_action], [id_role], [id_menu_action]) VALUES (98, 1, 29)
INSERT [dbo].[Role_Action] ([id_role_action], [id_role], [id_menu_action]) VALUES (99, 1, 28)
GO
INSERT [dbo].[Role_Action] ([id_role_action], [id_role], [id_menu_action]) VALUES (100, 1, 27)
INSERT [dbo].[Role_Action] ([id_role_action], [id_role], [id_menu_action]) VALUES (101, 1, 37)
INSERT [dbo].[Role_Action] ([id_role_action], [id_role], [id_menu_action]) VALUES (102, 1, 91)
SET IDENTITY_INSERT [dbo].[Role_Action] OFF
GO
